-- ============================================================
-- 流浪宠物救助系统 - 测试数据
-- ============================================================

USE pet_rescue;

SET NAMES utf8mb4;
SET CHARACTER_SET_CLIENT = utf8mb4;
SET CHARACTER_SET_RESULTS = utf8mb4;
SET CHARACTER_SET_CONNECTION = utf8mb4;

-- -----------------------------------------------------------
-- 1. 用户数据
-- 管理员: admin/123456  工作人员: staff01/123456  普通用户: user01~user10/123456
-- 密码均为BCrypt加密后的 123456 => $2a$10$EixZaYVK1fsbw1ZfbX3OXePaWxn96p36Kz2rG8r.VGqddm8kY5W6W
-- -----------------------------------------------------------
INSERT INTO `sys_user` (`id`, `username`, `password`, `nickname`, `phone`, `email`, `avatar`, `gender`, `role`, `status`, `created_at`) VALUES
(1, 'admin', '$2a$10$l/1oMDGQfDh2C4SdLeG9Oe9v3anBEMn73T0721ARQh9wvLav4sd/u', '系统管理员', '13800000001', 'admin@petrescue.com', NULL, 1, 'ADMIN', 1, '2025-01-01 08:00:00'),
(2, 'staff01', '$2a$10$l/1oMDGQfDh2C4SdLeG9Oe9v3anBEMn73T0721ARQh9wvLav4sd/u', '王志远', '13800000002', 'wangzy@petrescue.com', NULL, 1, 'STAFF', 1, '2025-01-05 09:00:00'),
(3, 'staff02', '$2a$10$l/1oMDGQfDh2C4SdLeG9Oe9v3anBEMn73T0721ARQh9wvLav4sd/u', '李秀芳', '13800000003', 'lixf@petrescue.com', NULL, 2, 'STAFF', 1, '2025-01-06 09:30:00'),
(4, 'staff03', '$2a$10$l/1oMDGQfDh2C4SdLeG9Oe9v3anBEMn73T0721ARQh9wvLav4sd/u', '赵建国', '13800000004', 'zhaojg@petrescue.com', NULL, 1, 'STAFF', 1, '2025-01-10 10:00:00'),
(5, 'user01', '$2a$10$l/1oMDGQfDh2C4SdLeG9Oe9v3anBEMn73T0721ARQh9wvLav4sd/u', '张小明', '13900000001', 'zhangxm@qq.com', NULL, 1, 'USER', 1, '2025-02-01 14:00:00'),
(6, 'user02', '$2a$10$l/1oMDGQfDh2C4SdLeG9Oe9v3anBEMn73T0721ARQh9wvLav4sd/u', '刘文静', '13900000002', 'liuwj@qq.com', NULL, 2, 'USER', 1, '2025-02-05 15:00:00'),
(7, 'user03', '$2a$10$l/1oMDGQfDh2C4SdLeG9Oe9v3anBEMn73T0721ARQh9wvLav4sd/u', '陈浩然', '13900000003', 'chenhr@163.com', NULL, 1, 'USER', 1, '2025-02-10 16:30:00'),
(8, 'user04', '$2a$10$l/1oMDGQfDh2C4SdLeG9Oe9v3anBEMn73T0721ARQh9wvLav4sd/u', '王丽华', '13900000004', 'wanglh@gmail.com', NULL, 2, 'USER', 1, '2025-02-15 09:00:00'),
(9, 'user05', '$2a$10$l/1oMDGQfDh2C4SdLeG9Oe9v3anBEMn73T0721ARQh9wvLav4sd/u', '孙伟', '13900000005', 'sunwei@qq.com', NULL, 1, 'USER', 1, '2025-03-01 10:30:00'),
(10, 'user06', '$2a$10$l/1oMDGQfDh2C4SdLeG9Oe9v3anBEMn73T0721ARQh9wvLav4sd/u', '周雨桐', '13900000006', 'zhouyt@qq.com', NULL, 2, 'USER', 1, '2025-03-05 11:00:00'),
(11, 'user07', '$2a$10$l/1oMDGQfDh2C4SdLeG9Oe9v3anBEMn73T0721ARQh9wvLav4sd/u', '赵子涵', '13900000007', 'zhaozh@163.com', NULL, 1, 'USER', 1, '2025-03-10 14:00:00'),
(12, 'user08', '$2a$10$l/1oMDGQfDh2C4SdLeG9Oe9v3anBEMn73T0721ARQh9wvLav4sd/u', '何佳琪', '13900000008', 'hejq@qq.com', NULL, 2, 'USER', 1, '2025-03-15 15:30:00'),
(13, 'user09', '$2a$10$l/1oMDGQfDh2C4SdLeG9Oe9v3anBEMn73T0721ARQh9wvLav4sd/u', '吴天宇', '13900000009', 'wuty@gmail.com', NULL, 1, 'USER', 1, '2025-04-01 08:30:00'),
(14, 'user10', '$2a$10$l/1oMDGQfDh2C4SdLeG9Oe9v3anBEMn73T0721ARQh9wvLav4sd/u', '林小雅', '13900000010', 'linxy@qq.com', NULL, 2, 'USER', 1, '2025-04-05 09:00:00');

-- -----------------------------------------------------------
-- 2. 救助站数据
-- -----------------------------------------------------------
INSERT INTO `rescue_station` (`id`, `name`, `address`, `longitude`, `latitude`, `capacity`, `current_count`, `contact_phone`, `manager`, `description`, `status`, `created_at`) VALUES
(1, '阳光流浪动物救助中心', '郑州市金水区花园路168号', 113.665412, 34.757975, 100, 45, '0371-68001001', '王志远', '成立于2018年的专业流浪动物救助机构，拥有完善的医疗设施和专业团队', 1, '2025-01-01 00:00:00'),
(2, '爱心宠物之家', '郑州市二七区大学路88号', 113.648200, 34.737800, 60, 32, '0371-68002002', '李秀芳', '专注于猫咪救助的民间组织，与多家宠物医院建立合作关系', 1, '2025-01-15 00:00:00'),
(3, '绿城动物保护站', '郑州市中原区建设路56号', 113.612300, 34.748600, 80, 28, '0371-68003003', '赵建国', '以TNR（捕获-绝育-放归）为核心理念的流浪动物保护站', 1, '2025-02-01 00:00:00'),
(4, '新郑流浪宠物驿站', '新郑市龙湖镇祥和路12号', 113.740500, 34.395200, 40, 15, '0371-68004004', '张明', '服务新郑及周边地区的小型救助站', 1, '2025-03-01 00:00:00');

-- -----------------------------------------------------------
-- 3. 宠物数据（30条）
-- -----------------------------------------------------------
INSERT INTO `pet` (`id`, `name`, `species`, `breed`, `age`, `gender`, `weight`, `color`, `health_status`, `is_sterilized`, `is_vaccinated`, `description`, `photo`, `location`, `rescue_date`, `station_id`, `status`, `created_at`) VALUES
(1, '小橘', '猫', '中华田园猫', '约2岁', 1, 4.50, '橘色', '健康', 1, 1, '性格温顺亲人，已完成驱虫和疫苗接种，非常适合有养猫经验的家庭领养', '/upload/pet/001.jpg', '金水区花园路', '2025-01-10', 1, 2, '2025-01-10 10:00:00'),
(2, '大黄', '狗', '中华田园犬', '约3岁', 1, 15.00, '黄色', '健康', 1, 1, '忠诚活泼，对人友善，喜欢户外活动，适合有院子的家庭', '/upload/pet/002.jpg', '二七区大学路', '2025-01-15', 1, 2, '2025-01-15 11:30:00'),
(3, '花花', '猫', '英国短毛猫', '约1岁', 2, 3.20, '蓝白', '轻微感冒，恢复中', 0, 1, '疑似被遗弃的英短猫，性格胆小但很粘人，正在治疗中', '/upload/pet/003.jpg', '中原区建设路', '2025-01-20', 2, 1, '2025-01-20 14:00:00'),
(4, '旺财', '狗', '拉布拉多', '约4岁', 1, 28.00, '黑色', '健康', 1, 1, '训练有素的拉布拉多，服从性很好，非常适合家庭饲养', '/upload/pet/004.jpg', '管城区航海路', '2025-02-01', 1, 3, '2025-02-01 09:00:00'),
(5, '咪咪', '猫', '中华田园猫', '约6个月', 2, 2.10, '三花', '健康', 0, 1, '活泼好动的三花小猫，好奇心强，喜欢追逐玩具', '/upload/pet/005.jpg', '金水区农业路', '2025-02-10', 1, 2, '2025-02-10 16:00:00'),
(6, '黑豆', '猫', '中华田园猫', '约3岁', 1, 5.00, '黑色', '健康', 1, 1, '纯黑色田园猫，安静沉稳，适合喜欢安静的主人', '/upload/pet/006.jpg', '惠济区长兴路', '2025-02-15', 2, 2, '2025-02-15 10:30:00'),
(7, '毛毛', '狗', '泰迪', '约2岁', 2, 5.50, '棕色', '健康', 1, 1, '可爱的棕色泰迪犬，活泼聪明，已学会基本口令', '/upload/pet/007.jpg', '二七区淮河路', '2025-02-20', 3, 2, '2025-02-20 13:00:00'),
(8, '小白', '兔', '荷兰垂耳兔', '约1岁', 2, 1.80, '白色', '健康', 0, 0, '可爱的垂耳兔，性格温顺，适合喜欢小动物的家庭', '/upload/pet/008.jpg', '中原区碧沙岗', '2025-03-01', 3, 2, '2025-03-01 15:00:00'),
(9, '虎斑', '猫', '美国短毛猫', '约2岁', 1, 4.80, '虎斑', '健康', 1, 1, '经典虎斑美短，体格健壮，食欲良好', '/upload/pet/009.jpg', '金水区经三路', '2025-03-05', 1, 2, '2025-03-05 11:00:00'),
(10, '团子', '猫', '布偶猫', '约1岁', 2, 3.50, '海双色', '健康', 0, 1, '疑似被遗弃的布偶猫，性格安静，喜欢被抱', '/upload/pet/010.jpg', '郑东新区CBD', '2025-03-10', 1, 2, '2025-03-10 09:30:00'),
(11, '来福', '狗', '柯基', '约3岁', 1, 12.00, '黄白', '右前腿曾骨折，已恢复', 1, 1, '可爱的小短腿柯基，经过治疗后已完全康复', '/upload/pet/011.jpg', '金水区东风路', '2025-03-15', 2, 2, '2025-03-15 14:30:00'),
(12, '小灰', '猫', '中华田园猫', '约4岁', 1, 5.50, '灰色', '健康', 1, 1, '稳重的成年猫，已适应室内生活', '/upload/pet/012.jpg', '管城区紫荆山', '2025-03-20', 1, 2, '2025-03-20 10:00:00'),
(13, '豆豆', '狗', '比熊', '约1岁', 2, 4.00, '白色', '健康', 0, 1, '雪白可爱的比熊犬，性格开朗，喜欢和人玩耍', '/upload/pet/013.jpg', '二七区万达', '2025-04-01', 3, 2, '2025-04-01 11:30:00'),
(14, '阿黄', '狗', '中华田园犬', '约5岁', 1, 18.00, '黄色', '健康', 1, 1, '忠心耿耿的大黄狗，看家护院的好帮手', '/upload/pet/014.jpg', '荥阳市索河路', '2025-04-05', 4, 2, '2025-04-05 09:00:00'),
(15, '雪球', '猫', '中华田园猫', '约8个月', 2, 2.80, '白色', '健康', 0, 1, '全白的小猫咪，眼睛呈蓝色，非常漂亮', '/upload/pet/015.jpg', '金水区文化路', '2025-04-10', 1, 2, '2025-04-10 16:00:00'),
(16, '小黑', '狗', '中华田园犬', '约2岁', 1, 12.00, '黑色', '健康', 1, 1, '精力充沛的黑色田园犬，忠诚度高', '/upload/pet/016.jpg', '中原区互助路', '2025-04-15', 3, 0, '2025-04-15 08:00:00'),
(17, '奶酪', '猫', '奶牛猫', '约1岁', 1, 3.80, '黑白', '健康', 1, 1, '个性十足的奶牛猫，喜欢跳高和抓老鼠', '/upload/pet/017.jpg', '惠济区天河路', '2025-05-01', 2, 2, '2025-05-01 10:00:00'),
(18, '多多', '狗', '金毛寻回犬', '约2岁', 1, 30.00, '金色', '健康', 1, 1, '阳光开朗的金毛犬，性格温厚，喜欢小孩', '/upload/pet/018.jpg', '郑东新区金水路', '2025-05-10', 1, 2, '2025-05-10 14:00:00'),
(19, '球球', '猫', '加菲猫', '约3岁', 2, 4.20, '橘白', '健康', 1, 1, '慵懒的加菲猫，适合公寓饲养', '/upload/pet/019.jpg', '二七区航海路', '2025-05-15', 2, 2, '2025-05-15 11:00:00'),
(20, '旺仔', '狗', '柴犬', '约1岁', 1, 9.00, '赤色', '健康', 0, 1, '可爱的柴犬宝宝，笑容很治愈', '/upload/pet/020.jpg', '金水区花园路', '2025-06-01', 1, 2, '2025-06-01 09:00:00'),
(21, '小美', '猫', '暹罗猫', '约2岁', 2, 3.50, '海豹重点色', '健康', 1, 1, '话很多的暹罗猫，喜欢跟人对话', '/upload/pet/021.jpg', '中原区碧沙岗', '2025-06-10', 3, 2, '2025-06-10 15:00:00'),
(22, '乐乐', '狗', '边境牧羊犬', '约3岁', 1, 20.00, '黑白', '健康', 1, 1, '聪明绝顶的边牧，会接飞盘和基本动作', '/upload/pet/022.jpg', '管城区航海路', '2025-07-01', 1, 2, '2025-07-01 10:30:00'),
(23, '橘座', '猫', '中华田园猫', '约4岁', 1, 6.00, '橘色', '偏胖，需控制饮食', 1, 1, '圆滚滚的橘猫，性格慵懒温顺', '/upload/pet/023.jpg', '金水区东明路', '2025-07-10', 1, 1, '2025-07-10 11:00:00'),
(24, '贝贝', '狗', '博美', '约2岁', 2, 3.00, '白色', '健康', 1, 1, '小巧精致的博美犬，适合各年龄段饲养', '/upload/pet/024.jpg', '二七区大学路', '2025-08-01', 2, 2, '2025-08-01 14:00:00'),
(25, '阿花', '猫', '中华田园猫', '约1岁', 2, 3.00, '狸花', '健康', 0, 1, '漂亮的狸花猫，捕鼠能手', '/upload/pet/025.jpg', '惠济区宏达路', '2025-08-15', 2, 0, '2025-08-15 09:30:00'),
(26, '大毛', '狗', '哈士奇', '约2岁', 1, 22.00, '黑白', '健康', 1, 1, '活力十足的哈士奇，需要大量运动', '/upload/pet/026.jpg', '郑东新区', '2025-09-01', 1, 2, '2025-09-01 10:00:00'),
(27, '奶茶', '猫', '中华田园猫', '约6个月', 2, 2.00, '奶茶色', '健康', 0, 1, '颜色独特的小猫咪，萌萌哒', '/upload/pet/027.jpg', '金水区南阳路', '2025-10-01', 1, 2, '2025-10-01 15:00:00'),
(28, '皮蛋', '猫', '中华田园猫', '约2岁', 1, 4.50, '黑白', '健康', 1, 1, '调皮捣蛋的猫咪，拆家小能手', '/upload/pet/028.jpg', '中原区伏牛路', '2025-10-15', 3, 2, '2025-10-15 11:30:00'),
(29, '跳跳', '兔', '安哥拉兔', '约1岁', 1, 2.50, '灰色', '健康', 0, 0, '毛茸茸的安哥拉兔，需定期梳毛', '/upload/pet/029.jpg', '二七区政通路', '2025-11-01', 3, 2, '2025-11-01 14:00:00'),
(30, '阳阳', '狗', '中华田园犬', '约1岁', 2, 8.00, '花色', '健康', 0, 1, '温柔善良的小花狗，适合家庭饲养', '/upload/pet/030.jpg', '管城区城东路', '2025-12-01', 1, 2, '2025-12-01 09:00:00');

-- -----------------------------------------------------------
-- 4. 救助记录数据
-- -----------------------------------------------------------
INSERT INTO `rescue_record` (`id`, `pet_id`, `reporter_id`, `rescuer_id`, `location`, `longitude`, `latitude`, `description`, `status`, `rescue_date`, `finish_date`, `created_at`) VALUES
(1, 1, 5, 2, '金水区花园路天桥下', 113.665412, 34.757975, '发现一只橘猫蜷缩在天桥下，看起来很饿', 3, '2025-01-10 09:00:00', '2025-01-10 11:30:00', '2025-01-10 08:30:00'),
(2, 2, 6, 2, '二七区大学路垃圾站旁', 113.648200, 34.737800, '一只大黄狗在垃圾站附近觅食，非常瘦弱', 3, '2025-01-15 10:00:00', '2025-01-15 13:00:00', '2025-01-15 09:00:00'),
(3, 3, 7, 3, '中原区建设路小区', 113.612300, 34.748600, '小区内发现一只英短猫，疑似被遗弃', 3, '2025-01-20 13:00:00', '2025-01-20 15:30:00', '2025-01-20 12:00:00'),
(4, 4, 8, 2, '管城区航海路公园', 113.670000, 34.720000, '发现一只拉布拉多在公园里徘徊', 3, '2025-02-01 08:00:00', '2025-02-01 10:30:00', '2025-02-01 07:30:00'),
(5, 16, 9, 4, '中原区互助路菜市场', 113.620000, 34.750000, '菜市场附近发现一只流浪黑狗', 0, NULL, NULL, '2025-12-20 10:00:00'),
(6, 25, 10, NULL, '惠济区宏达路', 113.640000, 34.800000, '路边发现一只狸花猫，看起来不太怕人', 0, NULL, NULL, '2025-12-25 14:00:00'),
(7, NULL, 5, 2, '金水区北三环附近', 113.670000, 34.790000, '有人报告看到一群流浪猫', 1, '2026-01-05 09:00:00', NULL, '2026-01-05 08:00:00'),
(8, NULL, 7, 3, '二七区碧云路', 113.640000, 34.730000, '有一只被车撞伤的小狗需要救助', 2, '2026-01-10 11:00:00', NULL, '2026-01-10 10:30:00'),
(9, 23, 11, 2, '金水区东明路小区门口', 113.680000, 34.760000, '发现一只很胖的橘猫在小区门口', 3, '2025-07-10 10:00:00', '2025-07-10 12:00:00', '2025-07-10 09:30:00'),
(10, NULL, 12, NULL, '郑东新区步行街', 113.720000, 34.770000, '步行街看到一只受伤的流浪狗', 0, NULL, NULL, '2026-02-01 16:00:00');

-- -----------------------------------------------------------
-- 5. 领养申请数据
-- -----------------------------------------------------------
INSERT INTO `adoption_application` (`id`, `pet_id`, `user_id`, `real_name`, `phone`, `address`, `reason`, `experience`, `living_condition`, `status`, `review_note`, `reviewer_id`, `review_time`, `created_at`) VALUES
(1, 4, 5, '张小明', '13900000001', '郑州市金水区花园路128号', '非常喜欢拉布拉多，家里有院子可以让它活动', '养过一只金毛3年', '独栋别墅，有围墙院子', 1, '申请人条件很好，批准领养', 1, '2025-02-15 10:00:00', '2025-02-10 14:00:00'),
(2, 1, 6, '刘文静', '13900000002', '郑州市二七区大学路56号', '想给孩子养一只猫作为伴侣', '无养宠经验', '三室一厅公寓', 0, NULL, NULL, NULL, '2025-03-01 10:00:00'),
(3, 2, 7, '陈浩然', '13900000003', '郑州市中原区建设路88号', '喜欢狗，想领养一只陪伴自己', '养过两只狗', '两室一厅，有阳台', 0, NULL, NULL, NULL, '2025-03-05 15:00:00'),
(4, 5, 8, '王丽华', '13900000004', '郑州市管城区航海路66号', '家里有一只猫，想再领养一只做伴', '养猫5年经验', '三室两厅', 1, '有丰富养猫经验，同意领养', 2, '2025-03-20 11:00:00', '2025-03-10 09:00:00'),
(5, 10, 9, '孙伟', '13900000005', '郑州市金水区经三路22号', '女朋友很喜欢布偶猫', '无养宠经验', '一室一厅', 2, '居住空间较小，建议先准备好养宠条件', 1, '2025-04-01 14:00:00', '2025-03-25 16:00:00'),
(6, 7, 10, '周雨桐', '13900000006', '郑州市二七区淮河路99号', '非常喜欢泰迪犬', '养过泰迪', '两室一厅', 0, NULL, NULL, NULL, '2025-04-10 10:30:00'),
(7, 11, 11, '赵子涵', '13900000007', '郑州市金水区东风路18号', '愿意给受过伤的狗狗一个温暖的家', '养过柯基2年', '三室一厅带院子', 1, '有柯基饲养经验，很适合', 2, '2025-04-20 09:00:00', '2025-04-15 14:00:00'),
(8, 18, 12, '何佳琪', '13900000008', '郑州市郑东新区金水路55号', '家里空间大，想养一只大狗', '养过边牧', '联排别墅带花园', 0, NULL, NULL, NULL, '2025-06-01 11:00:00'),
(9, 20, 5, '张小明', '13900000001', '郑州市金水区花园路128号', '太可爱了想领养', '已领养一只拉布拉多', '独栋别墅', 0, NULL, NULL, NULL, '2025-06-10 15:00:00'),
(10, 13, 14, '林小雅', '13900000010', '郑州市金水区农业路33号', '喜欢比熊犬，想养一只', '无养宠经验但做了很多功课', '两室一厅', 0, NULL, NULL, NULL, '2025-07-01 10:00:00');

-- -----------------------------------------------------------
-- 6. 失宠招领数据
-- -----------------------------------------------------------
INSERT INTO `lost_found` (`id`, `user_id`, `type`, `pet_name`, `species`, `color`, `description`, `contact_phone`, `location`, `lost_date`, `status`, `created_at`) VALUES
(1, 5, 1, '布丁', '猫', '橘白', '我家橘白猫走丢了，脖子上有蓝色项圈，名叫布丁，听到名字会回应', '13900000001', '金水区花园路128号附近', '2025-06-15', 0, '2025-06-16 08:00:00'),
(2, 6, 2, NULL, '狗', '棕色', '在大学路附近捡到一只棕色小狗，看起来很干净，应该是走失的宠物', '13900000002', '二七区大学路附近', '2025-07-01', 0, '2025-07-01 18:00:00'),
(3, 7, 1, '豆沙', '猫', '灰色', '我家英短蓝猫走丢了，比较胖，很胆小', '13900000003', '中原区建设路88号', '2025-07-10', 1, '2025-07-11 09:00:00'),
(4, 8, 2, NULL, '猫', '黑色', '小区花园发现一只全黑猫咪，戴着粉色项圈', '13900000004', '管城区航海路小区', '2025-08-01', 0, '2025-08-01 20:00:00'),
(5, 9, 1, '旺旺', '狗', '黄色', '我家中华田园犬走丢了，耳朵有缺口，很温顺', '13900000005', '金水区经三路22号', '2025-08-15', 0, '2025-08-16 07:30:00'),
(6, 10, 2, NULL, '兔', '白色', '在公园捡到一只白色垂耳兔', '13900000006', '碧沙岗公园', '2025-09-01', 1, '2025-09-01 16:00:00'),
(7, 11, 1, '球球', '猫', '三花', '三花猫走丢，尾巴很蓬松，喜欢冲人叫', '13900000007', '金水区东风路18号', '2025-10-01', 0, '2025-10-02 08:00:00'),
(8, 12, 2, NULL, '狗', '黑白', '路边发现一只边牧走丢了，非常聪明', '13900000008', '郑东新区步行街', '2025-10-15', 0, '2025-10-15 19:00:00');

-- -----------------------------------------------------------
-- 7. 物资数据
-- -----------------------------------------------------------
INSERT INTO `supply` (`id`, `name`, `category`, `quantity`, `unit`, `station_id`, `threshold`, `remark`, `created_at`) VALUES
(1, '猫粮（成猫）', '食物', 200, '千克', 1, 30, '皇家猫粮', '2025-01-01 00:00:00'),
(2, '狗粮（成犬）', '食物', 150, '千克', 1, 30, '比瑞吉狗粮', '2025-01-01 00:00:00'),
(3, '猫粮（幼猫）', '食物', 50, '千克', 1, 15, '皇家幼猫粮', '2025-01-01 00:00:00'),
(4, '驱虫药（体内）', '药品', 100, '片', 1, 20, '猫用体内驱虫', '2025-01-01 00:00:00'),
(5, '驱虫药（体外）', '药品', 80, '支', 1, 20, '博来恩', '2025-01-01 00:00:00'),
(6, '猫砂', '用品', 300, '千克', 1, 50, '豆腐猫砂', '2025-01-01 00:00:00'),
(7, '猫粮（成猫）', '食物', 100, '千克', 2, 20, '冠能猫粮', '2025-01-15 00:00:00'),
(8, '猫砂', '用品', 150, '千克', 2, 30, '混合猫砂', '2025-01-15 00:00:00'),
(9, '疫苗（猫三联）', '药品', 50, '支', 2, 10, '英特威', '2025-01-15 00:00:00'),
(10, '狗粮（成犬）', '食物', 80, '千克', 3, 20, '比瑞吉狗粮', '2025-02-01 00:00:00'),
(11, '牵引绳', '用品', 20, '条', 3, 5, '中大型犬用', '2025-02-01 00:00:00'),
(12, '消毒液', '用品', 30, '桶', 1, 5, '宠物专用消毒液', '2025-01-01 00:00:00'),
(13, '应急医疗包', '药品', 10, '套', 1, 3, '含绷带、碘伏等', '2025-01-01 00:00:00'),
(14, '猫抓板', '用品', 25, '个', 2, 5, '瓦楞纸猫抓板', '2025-03-01 00:00:00'),
(15, '宠物笼', '用品', 8, '个', 4, 3, '可折叠中型', '2025-03-01 00:00:00');

-- -----------------------------------------------------------
-- 8. 志愿者排班数据
-- -----------------------------------------------------------
INSERT INTO `volunteer_schedule` (`id`, `user_id`, `station_id`, `schedule_date`, `shift`, `status`, `created_at`) VALUES
(1, 5, 1, '2026-03-01', '早班', 0, '2026-02-25 10:00:00'),
(2, 6, 1, '2026-03-01', '中班', 0, '2026-02-25 10:00:00'),
(3, 7, 2, '2026-03-01', '早班', 0, '2026-02-25 10:00:00'),
(4, 8, 1, '2026-03-02', '早班', 0, '2026-02-25 10:00:00'),
(5, 9, 3, '2026-03-02', '中班', 0, '2026-02-25 10:00:00'),
(6, 5, 1, '2026-03-03', '晚班', 0, '2026-02-25 10:00:00'),
(7, 10, 2, '2026-03-03', '早班', 0, '2026-02-25 10:00:00'),
(8, 11, 1, '2026-03-04', '早班', 0, '2026-02-25 10:00:00'),
(9, 12, 3, '2026-03-04', '中班', 0, '2026-02-25 10:00:00'),
(10, 7, 2, '2026-03-05', '早班', 0, '2026-02-25 10:00:00');

-- -----------------------------------------------------------
-- 9. 活动数据
-- -----------------------------------------------------------
INSERT INTO `activity` (`id`, `title`, `description`, `cover_image`, `location`, `start_time`, `end_time`, `max_participants`, `current_participants`, `status`, `created_at`) VALUES
(1, '2026年春季领养日', '阳光救助中心联合多家宠物医院举办大型领养日活动，现场提供免费体检和绝育优惠', '/upload/activity/001.jpg', '郑州市金水区花园路168号 阳光救助中心', '2026-03-15 09:00:00', '2026-03-15 17:00:00', 100, 35, 1, '2026-02-01 10:00:00'),
(2, '流浪动物关爱科普讲座', '邀请宠物行为专家讲解流浪动物的心理与行为，帮助大家更好地了解和帮助它们', '/upload/activity/002.jpg', '郑州大学南校区学术报告厅', '2026-03-20 14:00:00', '2026-03-20 17:00:00', 200, 88, 1, '2026-02-10 09:00:00'),
(3, '志愿者周末清洁日', '每周六上午组织志愿者到各救助站帮忙打扫卫生、遛狗、陪伴小动物', '/upload/activity/003.jpg', '各救助站', '2026-03-08 09:00:00', '2026-03-08 12:00:00', 30, 15, 1, '2026-02-20 10:00:00'),
(4, '宠物摄影公益活动', '为待领养宠物拍摄专业照片，提升领养率', '/upload/activity/004.jpg', '爱心宠物之家', '2026-04-01 10:00:00', '2026-04-01 16:00:00', 20, 0, 0, '2026-02-25 14:00:00'),
(5, '2025年度感恩答谢会', '感谢所有志愿者和爱心人士一年来的付出', '/upload/activity/005.jpg', '郑州市金水区大酒店', '2025-12-25 18:00:00', '2025-12-25 21:00:00', 150, 120, 3, '2025-11-20 10:00:00'),
(6, '流浪猫TNR培训', '学习科学的TNR（捕获-绝育-放归）方法', '/upload/activity/006.jpg', '绿城动物保护站', '2026-03-25 09:00:00', '2026-03-25 16:00:00', 50, 22, 1, '2026-03-01 10:00:00');

-- -----------------------------------------------------------
-- 10. 活动报名数据
-- -----------------------------------------------------------
INSERT INTO `activity_registration` (`id`, `activity_id`, `user_id`, `status`, `created_at`) VALUES
(1, 1, 5, 0, '2026-02-05 14:00:00'),
(2, 1, 6, 0, '2026-02-06 10:00:00'),
(3, 1, 7, 0, '2026-02-07 16:00:00'),
(4, 2, 8, 0, '2026-02-15 09:00:00'),
(5, 2, 9, 0, '2026-02-16 11:00:00'),
(6, 3, 5, 0, '2026-02-22 08:00:00'),
(7, 3, 10, 0, '2026-02-22 09:30:00'),
(8, 5, 5, 1, '2025-12-01 10:00:00'),
(9, 5, 6, 1, '2025-12-02 14:00:00'),
(10, 6, 7, 0, '2026-03-02 10:00:00'),
(11, 6, 11, 0, '2026-03-02 15:00:00');

-- -----------------------------------------------------------
-- 11. 评论数据
-- -----------------------------------------------------------
INSERT INTO `comment` (`id`, `target_type`, `target_id`, `user_id`, `content`, `parent_id`, `created_at`) VALUES
(1, 'PET', 1, 5, '小橘太可爱了！希望它能找到一个好主人', NULL, '2025-02-01 14:30:00'),
(2, 'PET', 1, 6, '真的很乖，上次去看过它', NULL, '2025-02-05 10:00:00'),
(3, 'PET', 1, 7, '我也想领养它！', 1, '2025-02-06 16:00:00'),
(4, 'PET', 2, 8, '大黄看起来很忠诚，希望能被好心人领养', NULL, '2025-02-10 11:00:00'),
(5, 'PET', 10, 9, '布偶猫好漂亮！可惜我的居住条件不太好', NULL, '2025-03-15 14:00:00'),
(6, 'PET', 18, 12, '金毛真的太温柔了，特别喜欢', NULL, '2025-05-20 10:00:00'),
(7, 'PET', 20, 10, '柴犬笑起来好治愈啊', NULL, '2025-06-05 15:30:00'),
(8, 'ACTIVITY', 1, 5, '期待领养日活动！会带朋友一起去', NULL, '2026-02-10 09:00:00'),
(9, 'ACTIVITY', 2, 8, '科普讲座很有意义，报名了', NULL, '2026-02-18 14:00:00'),
(10, 'LOST_FOUND', 1, 10, '我在花园路附近好像见过类似的猫，我再留意一下', NULL, '2025-06-17 20:00:00'),
(11, 'LOST_FOUND', 3, 13, '找到了吗？我们小区好像有一只长得很像的', NULL, '2025-07-12 10:00:00'),
(12, 'PET', 22, 11, '边牧太聪明了，但是需要很多精力陪伴', NULL, '2025-07-05 11:00:00');

-- -----------------------------------------------------------
-- 12. 收藏数据
-- -----------------------------------------------------------
INSERT INTO `favorite` (`id`, `user_id`, `pet_id`, `created_at`) VALUES
(1, 5, 1, '2025-02-01 14:00:00'),
(2, 5, 10, '2025-03-12 10:00:00'),
(3, 5, 20, '2025-06-02 09:00:00'),
(4, 6, 1, '2025-02-05 15:00:00'),
(5, 6, 5, '2025-02-15 11:00:00'),
(6, 7, 2, '2025-02-10 16:00:00'),
(7, 8, 18, '2025-05-12 14:00:00'),
(8, 9, 10, '2025-03-15 15:00:00'),
(9, 10, 7, '2025-03-01 10:00:00'),
(10, 10, 20, '2025-06-05 16:00:00'),
(11, 11, 22, '2025-07-03 11:00:00'),
(12, 12, 18, '2025-05-15 10:00:00'),
(13, 12, 13, '2025-04-05 14:00:00'),
(14, 13, 27, '2025-10-02 15:00:00'),
(15, 14, 13, '2025-04-10 10:00:00');

-- -----------------------------------------------------------
-- 13. 通知数据
-- -----------------------------------------------------------
INSERT INTO `notification` (`id`, `user_id`, `title`, `content`, `type`, `is_read`, `created_at`) VALUES
(1, 5, '领养申请已通过', '恭喜您！您对"旺财"的领养申请已通过审核，请尽快前往阳光救助中心办理手续。', 'ADOPTION', 1, '2025-02-15 10:00:00'),
(2, 8, '领养申请已通过', '恭喜您！您对"咪咪"的领养申请已通过审核，请联系爱心宠物之家办理领养手续。', 'ADOPTION', 1, '2025-03-20 11:00:00'),
(3, 9, '领养申请被拒绝', '很抱歉，您对"团子"的领养申请未通过审核。原因：居住空间较小。欢迎改善条件后再次申请。', 'ADOPTION', 1, '2025-04-01 14:00:00'),
(4, 11, '领养申请已通过', '恭喜您！您对"来福"的领养申请已通过审核。', 'ADOPTION', 0, '2025-04-20 09:00:00'),
(5, 5, '活动提醒', '您报名的"2026年春季领养日"将于3月15日举行，请准时参加！', 'ACTIVITY', 0, '2026-03-10 09:00:00'),
(6, 6, '活动提醒', '您报名的"2026年春季领养日"将于3月15日举行。', 'ACTIVITY', 0, '2026-03-10 09:00:00'),
(7, 5, '系统通知', '欢迎使用流浪宠物救助系统！感谢您关注流浪动物救助事业。', 'SYSTEM', 1, '2025-02-01 14:00:00'),
(8, 7, '新评论回复', '有人回复了您对"小橘"的评论', 'SYSTEM', 0, '2025-02-06 16:00:00');

-- -----------------------------------------------------------
-- 14. 数据字典数据
-- -----------------------------------------------------------
INSERT INTO `sys_dict` (`id`, `type`, `label`, `value`, `sort`, `status`) VALUES
(1, 'pet_species', '猫', 'cat', 1, 1),
(2, 'pet_species', '狗', 'dog', 2, 1),
(3, 'pet_species', '兔', 'rabbit', 3, 1),
(4, 'pet_species', '鸟', 'bird', 4, 1),
(5, 'pet_species', '其他', 'other', 5, 1),
(6, 'pet_status', '待救助', '0', 1, 1),
(7, 'pet_status', '救助中', '1', 2, 1),
(8, 'pet_status', '待领养', '2', 3, 1),
(9, 'pet_status', '已领养', '3', 4, 1),
(10, 'pet_status', '已归还', '4', 5, 1),
(11, 'rescue_status', '已报告', '0', 1, 1),
(12, 'rescue_status', '已出动', '1', 2, 1),
(13, 'rescue_status', '救助中', '2', 3, 1),
(14, 'rescue_status', '已完成', '3', 4, 1),
(15, 'adoption_status', '待审核', '0', 1, 1),
(16, 'adoption_status', '已通过', '1', 2, 1),
(17, 'adoption_status', '已拒绝', '2', 3, 1),
(18, 'adoption_status', '已取消', '3', 4, 1),
(19, 'supply_category', '食物', 'food', 1, 1),
(20, 'supply_category', '药品', 'medicine', 2, 1),
(21, 'supply_category', '用品', 'supplies', 3, 1),
(22, 'supply_category', '其他', 'other', 4, 1),
(23, 'shift_type', '早班', 'morning', 1, 1),
(24, 'shift_type', '中班', 'afternoon', 2, 1),
(25, 'shift_type', '晚班', 'evening', 3, 1);
